user_id,email,name
user_001,john.doe@example.com,John Doe
user_002,jane.smith@example.com,Jane Smith
user_003,bob.johnson@example.com,Bob Johnson
user_004,alice.williams@example.com,Alice Williams
user_005,charlie.brown@example.com,Charlie Brown
user_006,diana.prince@example.com,Diana Prince
user_007,edward.miller@example.com,Edward Miller
user_008,fiona.davis@example.com,Fiona Davis
user_009,george.wilson@example.com,George Wilson
user_010,helen.taylor@example.com,Helen Taylor
user_011,ian.moore@example.com,Ian Moore
user_012,julia.anderson@example.com,Julia Anderson
user_013,kevin.thomas@example.com,Kevin Thomas
user_014,lisa.jackson@example.com,Lisa Jackson
user_015,mike.white@example.com,Mike White
user_016,nancy.harris@example.com,Nancy Harris
user_017,oscar.martin@example.com,Oscar Martin
user_018,patricia.thompson@example.com,Patricia Thompson
user_019,quinn.garcia@example.com,Quinn Garcia
user_020,rachel.martinez@example.com,Rachel Martinez
user_021,steve.robinson@example.com,Steve Robinson
user_022,tina.clark@example.com,Tina Clark
user_023,umar.rodriguez@example.com,Umar Rodriguez
user_024,victoria.lewis@example.com,Victoria Lewis
user_025,william.walker@example.com,William Walker
user_026,xavier.hall@example.com,Xavier Hall
user_027,yara.allen@example.com,Yara Allen
user_028,zoe.young@example.com,Zoe Young
user_029,adam.king@example.com,Adam King
user_030,brooke.wright@example.com,Brooke Wright

